Value,image
1,images/pv_insitu_300x300x300_01141.vti.png
2,images/pv_insitu_300x300x300_06817.vti.png
3,images/pv_insitu_300x300x300_10487.vti.png
4,images/pv_insitu_300x300x300_13306.vti.png
5,images/pv_insitu_300x300x300_16898.vti.png
6,images/pv_insitu_300x300x300_18741.vti.png
7,images/pv_insitu_300x300x300_20550.vti.png
8,images/pv_insitu_300x300x300_24095.vti.png
9,images/pv_insitu_300x300x300_27970.vti.png
10,images/pv_insitu_300x300x300_33719.vti.png
11,images/pv_insitu_300x300x300_35332.vti.png
12,images/pv_insitu_300x300x300_36069.vti.png
13,images/pv_insitu_300x300x300_39067.vti.png
14,images/pv_insitu_300x300x300_41035.vti.png
15,images/pv_insitu_300x300x300_44262.vti.png
16,images/pv_insitu_300x300x300_46984.vti.png
17,images/pv_insitu_300x300x300_48989.vti.png
18,images/pv_insitu_300x300x300_49275.vti.png
